SongName,ArtistName,Popularity,Tempo,Genre
"A Whole New World (End Title) - From ""Aladdin""",ZAYN,81,92.468,instrumental
734,Juice WRLD,84,144.991,rock
9:45,Prabh Singh,15.285714285714286,75,acoustic
A Thousand Years,Christina Perri,40,112.001,instrumental
A Thousand Years (feat. Steve Kazee) - Pt. 2; The Twilight Saga: Breaking Dawn Soundtrack,Christina Perri,81,92.468,instrumental
Adventure of a Lifetime,Coldplay,78,117.965,rock
Admirin' You (feat. Preston Pablo),Karan Aujla,12.774358974358975,100,hiphop
Alag Aasmaan,Anuv Jain,77,93.016,pop
Alive,Empire of the Sun,66,138.856,acoustic
All Night,The Vamps,81,123.962,rock
Am I Good Enough Now?,Carlos Rafael Rivera,79,124.01,rock
Animals,Maroon 5,87,95.977,pop
Another Love,Tom Odell,88,122.769,pop
Arcade,Duncan Laurence,89,102.977,rock
Astronomy,Conan Gray,66,127.919,pop
asphyxia,Cö Shu Nie,66,167.238,pop
Baari,Bilal Saeed,62,88.716,pop
Baarishein,Anuv Jain,80,61.311,rock
Baila Conmigo (with Rauw Alejandro),Selena Gomez,82,149.903,pop
Bandit (with YoungBoy Never Broke Again),Juice WRLD,74,98.007,rock
Beautiful Mistakes (feat. Megan Thee Stallion),Maroon 5,40,112.001,instrumental
Before You Go,Lewis Capaldi,85,132.861,acoustic
Believer,Imagine Dragons,69,189.868,electronic
Besabriyaan,Armaan Malik,67,127.099,pop
Beth's Story,Carlos Rafael Rivera,42,134.587,instrumental
Better Days,OneRepublic,87,119.976,pop
Beware,Big Sean,69,94.42,acoustic
Big Gangsta,Kevin Gates,81,126.984,dance
Blastoff (feat. Juice Wrld & Trippie Redd),Internet Money,66,160.095,electronic
Break My Heart Myself (feat. Travis Barker),Bebe Rexha,61,170.041,rock
Build a Bitch,Bella Poarch,69,94.42,acoustic
Butter,BTS,86,93.005,pop
By Your Side (feat. Tom Grennan),Calvin Harris,76,94.98,rock
Call You Mine,The Chainsmokers,0,75.017,pop
Can't Hold Us - feat. Ray Dalton,Macklemore & Ryan Lewis,75,100.848,instrumental
Centuries,Fall Out Boy,0,145.252,jazz
Cheques,Shubh,11.729537366548042,90,hiphop
Close To Me,Ellie Goulding,49,91.923,pop
Cocaine,Pink Sweat$,90,110.968,pop
Come & Go (with Marshmello),Juice WRLD,82,180.051,hiphop
"Comptine d'un autre été, l'après-midi",Yann Tiersen,62,144.081,pop
Crooked Smile (feat. TLC),J. Cole,81,170.039,electronic
Deep End Freestyle,Sleepy Hallow,74,80.95,pop
deja vu,Olivia Rodrigo,95,166.928,pop
Dior,Pop Smoke,90,110.968,pop
Dip (feat. Nicki Minaj) (feat. Nicki Minaj),Tyga,65,99.026,pop
Disrespectful,Blueface,72,80.985,pop
Do You Mean,The Chainsmokers,0,145.252,jazz
Echo (with KSHMR),Armaan Malik,65,118.969,acoustic
Element,Pop Smoke,80,61.311,rock
Everybody Wants You,Johnny Orlando,86,111.881,pop
Experience,Ludovico Einaudi,72,133.928,hiphop
Falling,Trevor Daniel,84,127.085,pop
Famous (I'm The One) (feat. Yo Gotti & DeJ Loaf),Mozzy,0,142.096,hiphop
Gang Shit No Lame Shit,Key Glock,69,94.42,acoustic
Genda Phool (feat. Payal Dev),Badshah,67,116.977,pop
Good Things Fall Apart vs. Sad Songs (With Said The Sky feat. Annika Wells),ILLENIUM,78,100.1,pop
Good Years,ZAYN,69,94.42,acoustic
Goodbye To A World,Porter Robinson,91,178.781,pop
good 4 u,Olivia Rodrigo,91,178.781,pop
goosebumps,Travis Scott,87,130.049,pop
Grenade,Bruno Mars,69,94.42,acoustic
Hall of Fame (feat. will.i.am),The Script,85,124.111,pop
Hate Me,Ellie Goulding,85,124.111,pop
Heartbreak Anthem (with David Guetta & Little Mix),Galantis,75,135.014,rock
Hello (feat. A Boogie Wit da Hoodie),Pop Smoke,78,115.071,pop
Hero (feat. Christina Perri),Cash Cash,70,128.056,rock
Hide (feat. Seezyn),Juice WRLD,82,180.051,hiphop
Higher (feat. iann dior),Clean Bandit,71,104.018,pop
Higher Power,Coldplay,79,97.753,pop
Honesty,Pink Sweat$,89,102.977,rock
Hope,XXXTENTACION,69,94.42,acoustic
Hope,The Chainsmokers,69,80.088,pop
HUMBLE.,Kendrick Lamar,84,150.011,pop
"Humraah (From ""Malang - Unleash The Madness"")",Sachet Tandon,69,155.867,rock
Hymn for the Weekend - Seeb Remix,Coldplay,81,117.97,pop
I Don't Wanna Live Forever (Fifty Shades Darker),ZAYN,69,94.42,acoustic
I Know It's You,Guards,81,92.468,instrumental
I Should Quit,JESSIA,41,99.971,instrumental
If I Can't Have You,Shawn Mendes,3,88.982,pop
If You Love Her,Forest Blakk,0,123.912,rock
"I'm the One (feat. Justin Bieber, Quavo, Chance the Rapper & Lil Wayne)",DJ Khaled,74,80.924,pop
In the End,Linkin Park,81,84.786,rock
Into Your Arms (feat. Ava Max),Witt Lowry,64,97.981,pop
Interstellar Main Theme - Piano Version,Patrik Pietschmann,63,95.954,instrumental
Interstellar- Main Theme,Geek Music,63,95.954,instrumental
"Isabella's Lullaby (from ""The Promised Neverland"")",AmaLee,66,82.176,rock
Jalebi Baby,Tesher,67,127.099,pop
Jalebi Baby (Tesher x Jason Derulo),Tesher,0,178.032,rock
Just Like You,Louis Tomlinson,81,92.468,instrumental
King Kunta,Kendrick Lamar,76,107.059,pop
Kiss Me More (feat. SZA),Doja Cat,84,71.884,acoustic
Kokoronashi,majiko,66,167.238,pop
Last Train Home,John Mayer,86,140.048,hiphop
Lean On,Major Lazer,84,104.948,dance
Leave Before You Love Me (with Jonas Brothers),Marshmello,85,124.111,pop
Leave The Door Open,Bruno Mars,92,118.091,rock
Let Me Love You,DJ Snake,82,149.903,pop
Levitating (feat. DaBaby),Dua Lipa,90,180.917,pop
Life's A Mess II (with Clever & Post Malone),Juice WRLD,72,147.912,pop
Lily,Alan Walker,60,99.951,pop
Lost Cause,Billie Eilish,74,80.95,pop
Love Again,Dua Lipa,0,145.252,jazz
Love The Way You Lie,Eminem,46,127.046,rock
Lucid Dreams,Juice WRLD,82,130.97,pop
Lucid Dreams (feat. Lil Uzi Vert) - Remix,Juice WRLD,77,76.968,pop
Main Title,Carlos Rafael Rivera,41,60.344,instrumental
"Malang (Title Track) [From ""Malang - Unleash The Madness""]",Ved Sharma,68,156.396,electronic
Mask Off,Future,0,75.051,acoustic
Mask Off - Marshmello Remix,Future,77,119.986,rock
Mera Mann Kehne Laga,Falak Shabir,81,110.444,pop
Methuen Home For Children 1957,Carlos Rafael Rivera,45,108.077,instrumental
Mi Amor,Sharn,15.424581005586592,100,pop
Mishri,Anuv Jain,79,97.753,pop
MONTERO (Call Me By Your Name),Lil Nas X,87,148.088,pop
Morning,Zara Larsson,52,55.269,instrumental
"My Heart Will Go On - Love Theme from ""Titanic""",Céline Dion,46,127.046,rock
My Way,Calvin Harris,0,111.995,rock
Night Changes,One Direction,36,162.172,rock
Nightlight,ILLENIUM,82,139.028,jazz
No Love,Shubh,12.937086092715232,105,hiphop
No Me Ame,Rvssian,87,89.911,pop
One Dance,Drake,81,129.059,pop
One More Day (with Chandler Leighton),Jason Ross,89,124.949,dance
Our Song,Anne-Marie,82,102.931,pop
Peaches (feat. Daniel Caesar & Giveon),Justin Bieber,85,99.048,pop
People Help the People,Birdy,67,73.254,acoustic
Perfect,One Direction,79,97.753,pop
Perfect Strangers,Jonas Blue,59,104.984,rock
Radioactive,Imagine Dragons,0,145.837,pop
Rather Be (feat. Jess Glynne),Clean Bandit,57,109.569,acoustic
Righteous,Juice WRLD,73,140.061,acoustic
River Flows In You,Yiruma,87,146.04,acoustic
Rolling in the Deep,Adele,40,112.001,instrumental
Saiyaan Ji,Yo Yo Honey Singh,62,130.024,pop
Sau Aasmaan,Armaan Malik,59,82.023,pop
Save Your Tears (with Ariana Grande) (Remix),The Weeknd,40,112.001,instrumental
seaside_demo,SEB,73,93.007,rock
Shape of You,Ed Sheeran,0,75.051,acoustic
Shayad,Pritam,72,135.864,acoustic
Sideways,ILLENIUM,66,119.94,rock
Softly,Karan Aujla,12.9375,110,hiphop
Somebody That I Used To Know,Gotye,63,118.086,acoustic
Stay High,Juice WRLD,67,103.94,pop
Stereo Hearts (feat. Adam Levine),Gym Class Heroes,69,94.42,acoustic
Stereo Love,Edward Maya,80,142.948,pop
"Sucker for Pain (with Wiz Khalifa, Imagine Dragons, Logic & Ty Dolla $ign feat. X Ambassadors)",Lil Wayne,78,169.021,electronic
SugarCrash!,ElyOtto,59,104.984,rock
Sunflower - Spider-Man: Into the Spider-Verse,Post Malone,86,140.048,hiphop
Swang,Rae Sremmurd,0,139.991,pop
Switch It Up (feat. sokodomo) - Prod. Cha Cha Malone,JAY B,65,96.965,pop
Sygrayem (Let's Play),Carlos Rafael Rivera,74,80.95,pop
t r a n s p a r e n t s o u l feat. Travis Barker,WILLOW,87,95.977,pop
Take Me To Church,Hozier,76,150.978,pop
Takeaway,The Chainsmokers,80,139.02,pop
Talking to the Moon,Bruno Mars,77,99.195,acoustic
"Tchaikovsky: Swan Lake, Op. 20, Act 2: Scene (Moderato)",Pyotr Ilyich Tchaikovsky,87,89.911,pop
Teeth,5 Seconds of Summer,0,145.837,pop
The Scholar's Mate,Carlos Rafael Rivera,95,166.928,pop
The Scientist,Coldplay,84,99.988,pop
The Thrill,Wiz Khalifa,95,166.928,pop
This Is What You Came For (feat. Rihanna),Calvin Harris,79,99.933,rock
Training With Mr. Schaibel,Carlos Rafael Rivera,89,102.977,rock
Two of Us,Louis Tomlinson,68,110.508,jazz
u love u (with Tate McRae),blackbear,0,75.051,acoustic
unravel,TK from Ling tosite sigure,73,152.078,rock
unravel (acoustic version) - Acoustic Version,TK from Ling tosite sigure,56,111.841,acoustic
Wait,Eminem,0,85.034,pop
Wake Me Up,Avicii,52,55.269,instrumental
Walk It Talk It,Migos,78,145.914,pop
Want You Back,5 Seconds of Summer,67,127.099,pop
What A Time (feat. Niall Horan),Julia Michaels,81,92.468,instrumental
What If (I Told You I Like You),Johnny Orlando,0,139.898,pop
White Brown Black,Avvy Sra,9.131868131868131,140,hiphop
Why Did I Answer?,Porsche Love,0,144.911,hiphop
WITHOUT YOU,The Kid LAROI,91,90.03,pop
Wonder,Shawn Mendes,61,138.032,pop
you broke me first,Tate McRae,40,112.001,instrumental
You (with Marshmello & Vance Joy),benny blanco,73,103.116,pop
You Raise Me Up,Josh Groban,69,104.941,pop
You're Gloating,Carlos Rafael Rivera,90,110.968,pop
